City,Country Code
Tampa Bay,United States
Penola,Australia
East Ballina,Australia
Taguig City,Phillipines
Pasig City,Phillipines
Miller,United States
Forrest,Australia
Cedar Rapids/Iowa City,United States
Bangalore,India
Dubuque,United States
Lakes Entrance,Australia
Tagaytay City,Phillipines
London,United Kingdom
Winchester Bay,United States
Mangalore,India
Davenport,United States
Potrero,United States
Vernonia,United States
Augusta,United States
Brasília,Brazil
Waterloo,United States
Nagpur,India
Mysore,India
Doha,Qatar
Cape Town,South Africa
Jaipur,India
Chandigarh,India
Sharjah,UAE
Amritsar,India
Coimbatore,India
Pune,India
Allahabad,India
Mumbai,India
Sioux City,United States
Manchester,United Kingdom
Dubai,UAE
Bandung,Indonesia
Goa,India
Beechworth,Australia
Fernley,United States
Des Moines,United States
Cochrane,United States
Columbus,United States
Huskisson,Australia
Yorkton,Canada
Mc Millan,United States
Macon,United States
Savannah,United States
Nashik,India
Lincoln,United States
Rio de Janeiro,Brazil
Kochi,India
Jakarta,Indonesia
Auckland,New Zealand
Birmingham,United Kingdom
Monroe,United States
Trentham East,Australia
Mandaluyong City,Phillipines
Pasay City,Phillipines
Inverloch,Australia
Inner City,South Africa
Mayfield,Australia
Dicky Beach,Australia
San Juan City,Phillipines
Dalton,United States
Kanpur,India
Vadodara,India
Princeton,United States
Victor Harbor,Australia
Wellington City,New Zealand
Panchkula,India
Secunderabad,India
Lucknow,India
Vineland Station,Canada
Vizag,India
Rest of Hawaii,United States
Noida,India
Guwahati,India
Hyderabad,India
Kolkata,India
Gainesville,United States
İstanbul,Turkey
Athens,United States
Pretoria,South Africa
Tanunda,Australia
Bhubaneshwar,India
Middleton Beach,Australia
Tangerang,Indonesia
Palm Cove,Australia
Surat,India
Ahmedabad,India
Valdosta,United States
Varanasi,India
Macedon,Australia
Albany,United States
Colombo,Sri Lanka
Lorn,Australia
Agra,India
Mohali,India
Aurangabad,India
Bogor,Indonesia
Quezon City,Phillipines
Johannesburg,South Africa
Ghaziabad,India
Ranchi,India
Ankara,Turkey
Balingup,Australia
Abu Dhabi,UAE
Bhopal,India
Clatskanie,United States
Boise,United States
Chatham-Kent,Canada
Armidale,Australia
Ojo Caliente,United States
Faridabad,India
Patna,India
Gurgaon,India
Hepburn Springs,Australia
Lakeview,United States
Pocatello,United States
Dehradun,India
Pensacola,United States
Sandton,South Africa
Orlando,United States
Santa Rosa,Phillipines
Chennai,India
Ludhiana,India
Paynesville,Australia
Weirton,United States
Puducherry,India
Montville,Australia
Flaxton,Australia
Randburg,South Africa
Consort,Canada
Phillip Island,Australia
New Delhi,India
Indore,India
Makati City,Phillipines
São Paulo,Brazil
Singapore,Singapore
Edinburgh,United Kingdom
